session,wave,copy,target,iterations,wall_s,cpu_s,exit_code
7,1,1,json-parse,400000,43.5,29.6,0
7,1,1,toml-parse,400000,43.5,18.2,0
7,1,1,yaml-parse,400000,43.5,41.6,0
7,1,1,ini-parse,400000,43.5,40.8,0
7,1,1,properties-parse,400000,43.5,42.2,0
7,1,1,xml-parse,400000,43.5,9.6,0
7,1,1,plist-parse,400000,43.5,14.6,0
7,1,1,hcl-parse,400000,43.5,31.7,0
7,1,1,json-ops,75000,43.5,9.6,0
7,1,1,toml-ops,75000,43.5,4.1,0
7,1,1,yaml-ops,75000,43.5,14.1,0
7,1,1,ini-ops,75000,43.5,14.2,0
7,1,1,properties-ops,75000,43.5,21.7,0
7,1,1,xml-ops,75000,43.4,2.6,0
7,1,1,plist-ops,75000,43.4,3.1,0
7,1,1,hcl-ops,75000,43.4,8.5,0
7,1,1,protocol-decode,800000,43.4,21.6,0
8,1,1,json-parse,400000,55,40.5,0
8,1,1,toml-parse,400000,40.7,25.8,0
8,1,1,yaml-parse,400000,72.9,54.8,0
8,1,1,ini-parse,400000,70.9,54.9,0
8,1,1,properties-parse,400000,76,57.5,0
8,1,1,xml-parse,400000,32.5,15.7,0
8,1,1,plist-parse,400000,39.7,23.1,0
8,1,1,hcl-parse,400000,58.6,41.1,0
8,1,1,json-ops,75000,30.9,15.5,0
8,1,1,toml-ops,75000,12.4,6.8,0
8,1,1,yaml-ops,75000,35,20.1,0
8,1,1,ini-ops,75000,34.5,20.4,0
8,1,1,properties-ops,75000,45.3,30.2,0
8,1,1,xml-ops,75000,8.2,3.8,0
8,1,1,plist-ops,75000,9.8,4.5,0
8,1,1,hcl-ops,75000,25.2,14.1,0
8,1,1,protocol-decode,800000,45.7,29.8,0
8,1,2,json-parse,400000,55.9,41.9,0
8,1,2,toml-parse,400000,42.6,25.5,0
8,1,2,yaml-parse,400000,73.9,55.4,0
8,1,2,ini-parse,400000,69.8,55,0
8,1,2,properties-parse,400000,65.7,59.2,0
8,1,2,xml-parse,400000,28.2,14,0
8,1,2,plist-parse,400000,27.2,21.1,0
8,1,2,hcl-parse,400000,58.5,40.8,0
8,1,2,json-ops,75000,30.3,15.1,0
8,1,2,toml-ops,75000,14.3,7.5,0
8,1,2,yaml-ops,75000,24.1,17.9,0
8,1,2,ini-ops,75000,24.1,20,0
8,1,2,properties-ops,75000,44.1,30,0
8,1,2,xml-ops,75000,8.6,4.1,0
8,1,2,plist-ops,75000,4.9,4.1,0
8,1,2,hcl-ops,75000,18.4,13.6,0
8,1,2,protocol-decode,800000,34.9,28.3,0
8,1,3,json-parse,400000,49.3,39,0
8,1,3,toml-parse,400000,34.4,24.7,0
8,1,3,yaml-parse,400000,63.5,54.9,0
8,1,3,ini-parse,400000,62,53.7,0
8,1,3,properties-parse,400000,68.6,59.3,0
8,1,3,xml-parse,400000,17.9,14.2,0
8,1,3,plist-parse,400000,28.7,20.6,0
8,1,3,hcl-parse,400000,53.3,42.6,0
8,1,3,json-ops,75000,23,14.6,0
8,1,3,toml-ops,75000,13.7,7.7,0
8,1,3,yaml-ops,75000,24.6,19.2,0
8,1,3,ini-ops,75000,27.6,20.2,0
8,1,3,properties-ops,75000,37.4,28.9,0
8,1,3,xml-ops,75000,7.5,3.9,0
8,1,3,plist-ops,75000,11.1,5.1,0
8,1,3,hcl-ops,75000,17.3,13.2,0
8,1,3,protocol-decode,800000,37.4,28.7,0
8,2,1,json-parse,400000,61.3,39.8,0
8,2,1,toml-parse,400000,42.9,26.7,0
8,2,1,yaml-parse,400000,68,47.8,0
8,2,1,ini-parse,400000,69,49,0
8,2,1,properties-parse,400000,69.5,51.5,0
8,2,1,xml-parse,400000,34.7,16.1,0
8,2,1,plist-parse,400000,40.8,22.1,0
8,2,1,hcl-parse,400000,63.4,41.8,0
8,2,1,json-ops,75000,29.5,15.9,0
8,2,1,toml-ops,75000,19.7,8.4,0
8,2,1,yaml-ops,75000,38.3,20.8,0
8,2,1,ini-ops,75000,42.9,22.3,0
8,2,1,properties-ops,75000,49.6,31.2,0
8,2,1,xml-ops,75000,12.4,4.9,0
8,2,1,plist-ops,75000,10.8,6,0
8,2,1,hcl-ops,75000,24.9,14.5,0
8,2,1,protocol-decode,800000,50.1,30.5,0
8,2,2,json-parse,400000,60.3,39.9,0
8,2,2,toml-parse,400000,43.9,25.5,0
8,2,2,yaml-parse,400000,66.9,52.9,0
8,2,2,ini-parse,400000,68.9,48.8,0
8,2,2,properties-parse,400000,70.5,50.6,0
8,2,2,xml-parse,400000,32.6,15.3,0
8,2,2,plist-parse,400000,33.6,21,0
8,2,2,hcl-parse,400000,58.2,43.6,0
8,2,2,json-ops,75000,26.4,15.5,0
8,2,2,toml-ops,75000,16,7.8,0
8,2,2,yaml-ops,75000,26.9,19.1,0
8,2,2,ini-ops,75000,37.2,20.9,0
8,2,2,properties-ops,75000,44.9,30.1,0
8,2,2,xml-ops,75000,11.3,5.7,0
8,2,2,plist-ops,75000,11.3,5.9,0
8,2,2,hcl-ops,75000,23.3,13.8,0
8,2,2,protocol-decode,800000,39.7,28.6,0
8,2,3,json-parse,400000,55.1,41.5,0
8,2,3,toml-parse,400000,40.7,25.8,0
8,2,3,yaml-parse,400000,65.3,51.5,0
8,2,3,ini-parse,400000,63.7,51.8,0
8,2,3,properties-parse,400000,68.3,53.9,0
8,2,3,xml-parse,400000,24.8,15.6,0
8,2,3,plist-parse,400000,33,21.4,0
8,2,3,hcl-parse,400000,58.6,43.4,0
8,2,3,json-ops,75000,27.3,15.8,0
8,2,3,toml-ops,75000,15.4,8.9,0
8,2,3,yaml-ops,75000,29.9,20,0
8,2,3,ini-ops,75000,34.5,20.7,0
8,2,3,properties-ops,75000,41.2,30.1,0
8,2,3,xml-ops,75000,7,4.9,0
8,2,3,plist-ops,75000,12.2,6.1,0
8,2,3,hcl-ops,75000,21.1,14.6,0
8,2,3,protocol-decode,800000,40.6,29,0
8,3,1,json-parse,400000,38.5,31.5,0
8,3,1,toml-parse,400000,30.1,17.1,0
8,3,1,yaml-parse,400000,46.7,39.2,0
8,3,1,ini-parse,400000,46.7,38.8,0
8,3,1,properties-parse,400000,49.7,38.7,0
8,3,1,xml-parse,400000,22.4,11.4,0
8,3,1,plist-parse,400000,29.1,17.8,0
8,3,1,hcl-parse,400000,41.1,30.3,0
8,3,1,json-ops,75000,15.6,12.9,0
8,3,1,toml-ops,75000,11.5,5.5,0
8,3,1,yaml-ops,75000,28,15.5,0
8,3,1,ini-ops,75000,26.5,16.5,0
8,3,1,properties-ops,75000,33.2,22.1,0
8,3,1,xml-ops,75000,4.9,4.2,0
8,3,1,plist-ops,75000,7.2,4.5,0
8,3,1,hcl-ops,75000,15.6,11.5,0
8,3,1,protocol-decode,800000,34.9,22,0
8,3,2,json-parse,400000,39.5,28.5,0
8,3,2,toml-parse,400000,26.4,21,0
8,3,2,yaml-parse,400000,47.6,35.9,0
8,3,2,ini-parse,400000,47.6,36.8,0
8,3,2,properties-parse,400000,47.1,43.9,0
8,3,2,xml-parse,400000,23.8,10.5,0
8,3,2,plist-parse,400000,28,16.9,0
8,3,2,hcl-parse,400000,39.5,30.7,0
8,3,2,json-ops,75000,22.3,11.3,0
8,3,2,toml-ops,75000,11.4,5.3,0
8,3,2,yaml-ops,75000,28.5,15.2,0
8,3,2,ini-ops,75000,25.9,17.5,0
8,3,2,properties-ops,75000,31,24.2,0
8,3,2,xml-ops,75000,8.7,4.4,0
8,3,2,plist-ops,75000,7.6,4.8,0
8,3,2,hcl-ops,75000,18.1,9.8,0
8,3,2,protocol-decode,800000,26.9,24.2,0
8,3,3,json-parse,400000,38.4,28.9,0
8,3,3,toml-parse,400000,27.9,22.9,0
8,3,3,yaml-parse,400000,45,38.6,0
8,3,3,ini-parse,400000,47,37.5,0
8,3,3,properties-parse,400000,48.6,40.3,0
8,3,3,xml-parse,400000,17,13.6,0
8,3,3,plist-parse,400000,26.3,18.1,0
8,3,3,hcl-parse,400000,38.3,33,0
8,3,3,json-ops,75000,19.1,11.3,0
8,3,3,toml-ops,75000,9.7,7,0
8,3,3,yaml-ops,75000,24.8,16.2,0
8,3,3,ini-ops,75000,22.2,17.3,0
8,3,3,properties-ops,75000,31.9,23.6,0
8,3,3,xml-ops,75000,10.2,3.5,0
8,3,3,plist-ops,75000,11.8,4.5,0
8,3,3,hcl-ops,75000,16,10.5,0
8,3,3,protocol-decode,800000,31.4,23.8,0
8,4,1,json-parse,400000,42.8,28.8,0
8,4,1,toml-parse,400000,31.1,17.5,0
8,4,1,yaml-parse,400000,49.5,39,0
8,4,1,ini-parse,400000,50.1,36.8,0
8,4,1,properties-parse,400000,50.1,41,0
8,4,1,xml-parse,400000,23.4,11.8,0
8,4,1,plist-parse,400000,30.1,16.3,0
8,4,1,hcl-parse,400000,43.9,30.2,0
8,4,1,json-ops,75000,23.9,10.9,0
8,4,1,toml-ops,75000,15.1,5.4,0
8,4,1,yaml-ops,75000,29.1,15.5,0
8,4,1,ini-ops,75000,28,16.7,0
8,4,1,properties-ops,75000,33.1,23.1,0
8,4,1,xml-ops,75000,9.3,3.7,0
8,4,1,plist-ops,75000,6.2,5.2,0
8,4,1,hcl-ops,75000,19.7,10.4,0
8,4,1,protocol-decode,800000,36.2,22.3,0
8,4,2,json-parse,400000,38.2,30.5,0
8,4,2,toml-parse,400000,31.6,18.9,0
8,4,2,yaml-parse,400000,49.5,36.7,0
8,4,2,ini-parse,400000,49,38.5,0
8,4,2,properties-parse,400000,52.5,38.5,0
8,4,2,xml-parse,400000,23.8,10.9,0
8,4,2,plist-parse,400000,30.6,17,0
8,4,2,hcl-parse,400000,38.2,33.2,0
8,4,2,json-ops,75000,17.1,11.8,0
8,4,2,toml-ops,75000,9.8,6.2,0
8,4,2,yaml-ops,75000,20.2,16,0
8,4,2,ini-ops,75000,25.9,16.3,0
8,4,2,properties-ops,75000,29.5,25.2,0
8,4,2,xml-ops,75000,6.7,3.7,0
8,4,2,plist-ops,75000,8.2,4.7,0
8,4,2,hcl-ops,75000,13.9,12.2,0
8,4,2,protocol-decode,800000,27.9,23.8,0
8,4,3,json-parse,400000,35.6,31.1,0
8,4,3,toml-parse,400000,25.4,20.3,0
8,4,3,yaml-parse,400000,45.3,41,0
8,4,3,ini-parse,400000,45.8,40.4,0
8,4,3,properties-parse,400000,48.9,43.3,0
8,4,3,xml-parse,400000,16.5,13.4,0
8,4,3,plist-parse,400000,22.2,18.4,0
8,4,3,hcl-parse,400000,38.1,33.5,0
8,4,3,json-ops,75000,17.5,13.5,0
8,4,3,toml-ops,75000,9.7,7.1,0
8,4,3,yaml-ops,75000,21.1,16.3,0
8,4,3,ini-ops,75000,21.7,16.5,0
8,4,3,properties-ops,75000,28.9,25.2,0
8,4,3,xml-ops,75000,6.1,4.7,0
8,4,3,plist-ops,75000,6.6,4.9,0
8,4,3,hcl-ops,75000,15.4,11.8,0
8,4,3,protocol-decode,800000,28.4,23.6,0
8,5,1,json-parse,400000,59.5,43.1,0
8,5,1,toml-parse,400000,44.7,26.9,0
8,5,1,yaml-parse,400000,74.3,59.1,0
8,5,1,ini-parse,400000,76.9,57.9,0
8,5,1,properties-parse,400000,82.1,64.2,0
8,5,1,xml-parse,400000,33.9,16.7,0
8,5,1,plist-parse,400000,39,22.5,0
8,5,1,hcl-parse,400000,62,45.2,0
8,5,1,json-ops,75000,31.8,16.7,0
8,5,1,toml-ops,75000,10.7,8,0
8,5,1,yaml-ops,75000,38,21.1,0
8,5,1,ini-ops,75000,36.4,22.2,0
8,5,1,properties-ops,75000,51.8,32.3,0
8,5,1,xml-ops,75000,11.2,4.7,0
8,5,1,plist-ops,75000,10.7,5.3,0
8,5,1,hcl-ops,75000,29.7,15,0
8,5,1,protocol-decode,800000,47.2,31.1,0
8,5,2,json-parse,400000,60.5,42.3,0
8,5,2,toml-parse,400000,44.1,26,0
8,5,2,yaml-parse,400000,73.8,59.4,0
8,5,2,ini-parse,400000,80,58.7,0
8,5,2,properties-parse,400000,83,65,0
8,5,2,xml-parse,400000,34.4,16.5,0
8,5,2,plist-parse,400000,33.8,21.8,0
8,5,2,hcl-parse,400000,65,45.6,0
8,5,2,json-ops,75000,21.5,15.5,0
8,5,2,toml-ops,75000,8.6,7.4,0
8,5,2,yaml-ops,75000,29.2,19.5,0
8,5,2,ini-ops,75000,33.3,21.6,0
8,5,2,properties-ops,75000,42,30.4,0
8,5,2,xml-ops,75000,6,4.2,0
8,5,2,plist-ops,75000,10.6,5.5,0
8,5,2,hcl-ops,75000,21.9,13.7,0
8,5,2,protocol-decode,800000,38.4,28.8,0
8,5,3,json-parse,400000,49.7,41.5,0
8,5,3,toml-parse,400000,34.8,26.1,0
8,5,3,yaml-parse,400000,71.7,59,0
8,5,3,ini-parse,400000,64,56.4,0
8,5,3,properties-parse,400000,75.7,63.4,0
8,5,3,xml-parse,400000,24.5,15.7,0
8,5,3,plist-parse,400000,29.6,21.2,0
8,5,3,hcl-parse,400000,54.8,44,0
8,5,3,json-ops,75000,21.9,15.8,0
8,5,3,toml-ops,75000,14.2,7.7,0
8,5,3,yaml-ops,75000,33.2,20.8,0
8,5,3,ini-ops,75000,25.5,20.8,0
8,5,3,properties-ops,75000,39.9,30.2,0
8,5,3,xml-ops,75000,11.1,5.2,0
8,5,3,plist-ops,75000,11.6,5.8,0
8,5,3,hcl-ops,75000,21.9,13.8,0
8,5,3,protocol-decode,800000,40.4,30,0
8,6,1,json-parse,400000,59.8,42.9,0
8,6,1,toml-parse,400000,44.3,26.1,0
8,6,1,yaml-parse,400000,71,51.3,0
8,6,1,ini-parse,400000,70.9,47.8,0
8,6,1,properties-parse,400000,72,55.2,0
8,6,1,xml-parse,400000,32.6,17.5,0
8,6,1,plist-parse,400000,42.1,23.7,0
8,6,1,hcl-parse,400000,60.2,42.4,0
8,6,1,json-ops,75000,36.1,16.1,0
8,6,1,toml-ops,75000,17.8,9.1,0
8,6,1,yaml-ops,75000,42,19.7,0
8,6,1,ini-ops,75000,42,23.9,0
8,6,1,properties-ops,75000,48.3,31.1,0
8,6,1,xml-ops,75000,10.9,5,0
8,6,1,plist-ops,75000,14.6,6.7,0
8,6,1,hcl-ops,75000,31.9,14.2,0
8,6,1,protocol-decode,800000,51.4,28.3,0
8,6,2,json-parse,400000,60.1,42.5,0
8,6,2,toml-parse,400000,48.8,23.8,0
8,6,2,yaml-parse,400000,71.3,49.1,0
8,6,2,ini-parse,400000,70.8,48.6,0
8,6,2,properties-parse,400000,73.3,49.6,0
8,6,2,xml-parse,400000,29.8,16.2,0
8,6,2,plist-parse,400000,42,21.3,0
8,6,2,hcl-parse,400000,63.1,40.4,0
8,6,2,json-ops,75000,39.9,16.2,0
8,6,2,toml-ops,75000,23.5,8.7,0
8,6,2,yaml-ops,75000,39.9,18.8,0
8,6,2,ini-ops,75000,41.4,20,0
8,6,2,properties-ops,75000,47.7,29,0
8,6,2,xml-ops,75000,20.3,4.9,0
8,6,2,plist-ops,75000,20.3,5.8,0
8,6,2,hcl-ops,75000,31.3,14,0
8,6,2,protocol-decode,800000,50.3,29.1,0
8,6,3,json-parse,400000,62,38.8,0
8,6,3,toml-parse,400000,43,25.4,0
8,6,3,yaml-parse,400000,71.7,47.4,0
8,6,3,ini-parse,400000,70.7,51.4,0
8,6,3,properties-parse,400000,73.8,49.1,0
8,6,3,xml-parse,400000,34.4,16.4,0
8,6,3,plist-parse,400000,41.3,22.4,0
8,6,3,hcl-parse,400000,66.1,40,0
8,6,3,json-ops,75000,34.4,15.9,0
8,6,3,toml-ops,75000,19.7,8.5,0
8,6,3,yaml-ops,75000,39,19.9,0
8,6,3,ini-ops,75000,44,21.1,0
8,6,3,properties-ops,75000,50.7,28.7,0
8,6,3,xml-ops,75000,12.3,5.3,0
8,6,3,plist-ops,75000,17.1,5.6,0
8,6,3,hcl-ops,75000,34.9,14.6,0
8,6,3,protocol-decode,800000,50.2,29,0
8,7,1,json-parse,400000,49,38.6,0
8,7,1,toml-parse,400000,39.7,22.5,0
8,7,1,yaml-parse,400000,68.3,54,0
8,7,1,ini-parse,400000,69.8,51.8,0
8,7,1,properties-parse,400000,71.8,54,0
8,7,1,xml-parse,400000,23.8,13.1,0
8,7,1,plist-parse,400000,25.3,19.8,0
8,7,1,hcl-parse,400000,60.2,43.2,0
8,7,1,json-ops,75000,29.4,13.7,0
8,7,1,toml-ops,75000,13.4,5.9,0
8,7,1,yaml-ops,75000,32.5,19.3,0
8,7,1,ini-ops,75000,33,20.1,0
8,7,1,properties-ops,75000,43.3,29.1,0
8,7,1,xml-ops,75000,9.7,3.8,0
8,7,1,plist-ops,75000,11.3,4.3,0
8,7,1,hcl-ops,75000,20.6,11.8,0
8,7,1,protocol-decode,800000,45.3,29.3,0
8,7,2,json-parse,400000,56.1,39.7,0
8,7,2,toml-parse,400000,40.2,23.9,0
8,7,2,yaml-parse,400000,69.3,52.6,0
8,7,2,ini-parse,400000,69.8,51.5,0
8,7,2,properties-parse,400000,67.7,58.5,0
8,7,2,xml-parse,400000,27.3,13.2,0
8,7,2,plist-parse,400000,28.4,20,0
8,7,2,hcl-parse,400000,47.3,40,0
8,7,2,json-ops,75000,30.4,14.1,0
8,7,2,toml-ops,75000,14.4,5.4,0
8,7,2,yaml-ops,75000,27.8,17.9,0
8,7,2,ini-ops,75000,29.4,18.3,0
8,7,2,properties-ops,75000,38.1,27,0
8,7,2,xml-ops,75000,5.9,4.2,0
8,7,2,plist-ops,75000,8.1,4.7,0
8,7,2,hcl-ops,75000,17.5,11.6,0
8,7,2,protocol-decode,800000,35,26.4,0
8,7,3,json-parse,400000,47.8,38.2,0
8,7,3,toml-parse,400000,31.4,22,0
8,7,3,yaml-parse,400000,64.6,54.4,0
8,7,3,ini-parse,400000,63.1,54,0
8,7,3,properties-parse,400000,67.6,58.1,0
8,7,3,xml-parse,400000,16.4,13.2,0
8,7,3,plist-parse,400000,26.2,19.6,0
8,7,3,hcl-parse,400000,50.3,41.2,0
8,7,3,json-ops,75000,19.5,13.4,0
8,7,3,toml-ops,75000,10.6,6.5,0
8,7,3,yaml-ops,75000,20.5,16.8,0
8,7,3,ini-ops,75000,25.2,18.9,0
8,7,3,properties-ops,75000,36,27.6,0
8,7,3,xml-ops,75000,9,4.3,0
8,7,3,plist-ops,75000,8,4.8,0
8,7,3,hcl-ops,75000,17.9,10.5,0
8,7,3,protocol-decode,800000,32.9,27,0
8,8,1,json-parse,400000,53.1,41.2,0
8,8,1,toml-parse,400000,41.3,25.1,0
8,8,1,yaml-parse,400000,70,54,0
8,8,1,ini-parse,400000,70.5,53,0
8,8,1,properties-parse,400000,76.6,58.8,0
8,8,1,xml-parse,400000,29.4,14.1,0
8,8,1,plist-parse,400000,37.2,22,0
8,8,1,hcl-parse,400000,57.2,40.9,0
8,8,1,json-ops,75000,31.5,14.7,0
8,8,1,toml-ops,75000,16.1,7.1,0
8,8,1,yaml-ops,75000,37.2,20.9,0
8,8,1,ini-ops,75000,37.7,21.5,0
8,8,1,properties-ops,75000,42.8,29.4,0
8,8,1,xml-ops,75000,9.7,3.7,0
8,8,1,plist-ops,75000,11.4,4.3,0
8,8,1,hcl-ops,75000,26.3,13.5,0
8,8,1,protocol-decode,800000,45.9,29.9,0
8,8,2,json-parse,400000,57.6,40.1,0
8,8,2,toml-parse,400000,36.6,24.5,0
8,8,2,yaml-parse,400000,73,56.1,0
8,8,2,ini-parse,400000,68.4,53.4,0
8,8,2,properties-parse,400000,76,59.9,0
8,8,2,xml-parse,400000,17.5,14.5,0
8,8,2,plist-parse,400000,27.3,20.1,0
8,8,2,hcl-parse,400000,48.9,42.1,0
8,8,2,json-ops,75000,21.6,14.2,0
8,8,2,toml-ops,75000,10.3,6.6,0
8,8,2,yaml-ops,75000,27.3,18.6,0
8,8,2,ini-ops,75000,31.4,19.7,0
8,8,2,properties-ops,75000,34.5,27.9,0
8,8,2,xml-ops,75000,6.4,4.3,0
8,8,2,plist-ops,75000,9.1,4.7,0
8,8,2,hcl-ops,75000,21.1,12.2,0
8,8,2,protocol-decode,800000,35.6,27.2,0
8,8,3,json-parse,400000,49.4,39,0
8,8,3,toml-parse,400000,34,23.5,0
8,8,3,yaml-parse,400000,64.2,54.2,0
8,8,3,ini-parse,400000,63.2,53.3,0
8,8,3,properties-parse,400000,66.3,57.5,0
8,8,3,xml-parse,400000,20.5,14.4,0
8,8,3,plist-parse,400000,27.2,20.1,0
8,8,3,hcl-parse,400000,51.4,41.1,0
8,8,3,json-ops,75000,22.6,14.3,0
8,8,3,toml-ops,75000,10.2,6.6,0
8,8,3,yaml-ops,75000,28.3,18.8,0
8,8,3,ini-ops,75000,28.8,19.8,0
8,8,3,properties-ops,75000,35,27.7,0
8,8,3,xml-ops,75000,6.3,4.1,0
8,8,3,plist-ops,75000,6.3,5,0
8,8,3,hcl-ops,75000,19,12.5,0
8,8,3,protocol-decode,800000,33.9,27.4,0
8,9,1,json-parse,400000,60.6,44.7,0
8,9,1,toml-parse,400000,43.2,26.3,0
8,9,1,yaml-parse,400000,73.8,56.3,0
8,9,1,ini-parse,400000,74.3,57.2,0
8,9,1,properties-parse,400000,77.9,60.3,0
8,9,1,xml-parse,400000,30.2,15.8,0
8,9,1,plist-parse,400000,38,23.3,0
8,9,1,hcl-parse,400000,61,44.5,0
8,9,1,json-ops,75000,32.8,16.5,0
8,9,1,toml-ops,75000,19.3,8.7,0
8,9,1,yaml-ops,75000,37,21.9,0
8,9,1,ini-ops,75000,39.1,23.1,0
8,9,1,properties-ops,75000,47.7,32.4,0
8,9,1,xml-ops,75000,6.3,5,0
8,9,1,plist-ops,75000,11.5,5.9,0
8,9,1,hcl-ops,75000,28.5,15,0
8,9,1,protocol-decode,800000,38,29.3,0
8,9,2,json-parse,400000,53.8,41.3,0
8,9,2,toml-parse,400000,44.1,27,0
8,9,2,yaml-parse,400000,64.5,56.7,0
8,9,2,ini-parse,400000,74.3,56.5,0
8,9,2,properties-parse,400000,73.7,59.3,0
8,9,2,xml-parse,400000,29.5,15.5,0
8,9,2,plist-parse,400000,36.4,21.2,0
8,9,2,hcl-parse,400000,56.4,44.2,0
8,9,2,json-ops,75000,28,15.8,0
8,9,2,toml-ops,75000,13,8.4,0
8,9,2,yaml-ops,75000,32.2,19.8,0
8,9,2,ini-ops,75000,39.5,21.5,0
8,9,2,properties-ops,75000,48.2,30.7,0
8,9,2,xml-ops,75000,10.9,5.3,0
8,9,2,plist-ops,75000,7.3,5.8,0
8,9,2,hcl-ops,75000,22.2,13.6,0
8,9,2,protocol-decode,800000,46.5,29.8,0
8,9,3,json-parse,400000,55.7,41.6,0
8,9,3,toml-parse,400000,39.4,25.6,0
8,9,3,yaml-parse,400000,73.6,55.3,0
8,9,3,ini-parse,400000,70.6,53.8,0
8,9,3,properties-parse,400000,73.1,60.2,0
8,9,3,xml-parse,400000,29.4,15.5,0
8,9,3,plist-parse,400000,32.1,21.3,0
8,9,3,hcl-parse,400000,59.8,44.6,0
8,9,3,json-ops,75000,32.1,16.5,0
8,9,3,toml-ops,75000,13.9,8.4,0
8,9,3,yaml-ops,75000,32.6,19.8,0
8,9,3,ini-ops,75000,31,21,0
8,9,3,properties-ops,75000,45.5,30,0
8,9,3,xml-ops,75000,11.8,5.6,0
8,9,3,plist-ops,75000,17.5,5.8,0
8,9,3,hcl-ops,75000,29.9,14.5,0
8,9,3,protocol-decode,800000,44.9,30.4,0
8,10,1,json-parse,400000,53.5,36.3,0
8,10,1,toml-parse,400000,40.2,25.7,0
8,10,1,yaml-parse,400000,63.7,47.3,0
8,10,1,ini-parse,400000,63.2,47.3,0
8,10,1,properties-parse,400000,65.7,48.9,0
8,10,1,xml-parse,400000,31,16.4,0
8,10,1,plist-parse,400000,35.6,23.1,0
8,10,1,hcl-parse,400000,54.6,38.8,0
8,10,1,json-ops,75000,31.5,16.4,0
8,10,1,toml-ops,75000,20.2,9.1,0
8,10,1,yaml-ops,75000,40.2,22.8,0
8,10,1,ini-ops,75000,40.7,23.3,0
8,10,1,properties-ops,75000,46.3,29.4,0
8,10,1,xml-ops,75000,9.4,4.8,0
8,10,1,plist-ops,75000,9.4,6,0
8,10,1,hcl-ops,75000,33,15.9,0
8,10,1,protocol-decode,800000,45.8,29.6,0
8,10,2,json-parse,400000,54,38.4,0
8,10,2,toml-parse,400000,41.2,25.5,0
8,10,2,yaml-parse,400000,63.7,48.5,0
8,10,2,ini-parse,400000,62.6,46,0
8,10,2,properties-parse,400000,66.2,48.7,0
8,10,2,xml-parse,400000,26.3,16,0
8,10,2,plist-parse,400000,29.9,21.4,0
8,10,2,hcl-parse,400000,49.8,39.4,0
8,10,2,json-ops,75000,24.2,15.9,0
8,10,2,toml-ops,75000,13.5,7.8,0
8,10,2,yaml-ops,75000,26.8,18.8,0
8,10,2,ini-ops,75000,28.8,20.1,0
8,10,2,properties-ops,75000,37.5,29.9,0
8,10,2,xml-ops,75000,6.7,4.9,0
8,10,2,plist-ops,75000,9.3,5.6,0
8,10,2,hcl-ops,75000,21.1,14.1,0
8,10,2,protocol-decode,800000,40.1,28.7,0
8,10,3,json-parse,400000,47.7,37.8,0
8,10,3,toml-parse,400000,35,24.8,0
8,10,3,yaml-parse,400000,56.9,47.9,0
8,10,3,ini-parse,400000,57.9,47.2,0
8,10,3,properties-parse,400000,61.5,50.6,0
8,10,3,xml-parse,400000,21.6,14.9,0
8,10,3,plist-parse,400000,30.8,21.4,0
8,10,3,hcl-parse,400000,50.3,39.4,0
8,10,3,json-ops,75000,22.6,15.7,0
8,10,3,toml-ops,75000,12.8,8,0
8,10,3,yaml-ops,75000,29.8,19.9,0
8,10,3,ini-ops,75000,32.3,20.9,0
8,10,3,properties-ops,75000,41,29.4,0
8,10,3,xml-ops,75000,9.7,4.9,0
8,10,3,plist-ops,75000,11.3,6,0
8,10,3,hcl-ops,75000,19.5,13.6,0
8,10,3,protocol-decode,800000,39.5,28.6,0
8,11,1,json-parse,400000,52.4,36.7,0
8,11,1,toml-parse,400000,42.7,24.8,0
8,11,1,yaml-parse,400000,60.6,41.9,0
8,11,1,ini-parse,400000,61.1,43.9,0
8,11,1,properties-parse,400000,63.1,45.2,0
8,11,1,xml-parse,400000,19.6,14.9,0
8,11,1,plist-parse,400000,36.5,20.3,0
8,11,1,hcl-parse,400000,51.9,40.2,0
8,11,1,json-ops,75000,23.7,15,0
8,11,1,toml-ops,75000,19.5,7,0
8,11,1,yaml-ops,75000,38.5,20.1,0
8,11,1,ini-ops,75000,36.5,20.5,0
8,11,1,properties-ops,75000,48.2,29.4,0
8,11,1,xml-ops,75000,14.2,4.6,0
8,11,1,plist-ops,75000,10.1,5.8,0
8,11,1,hcl-ops,75000,27.8,13,0
8,11,1,protocol-decode,800000,45.7,28.7,0
8,11,2,json-parse,400000,53.4,37.8,0
8,11,2,toml-parse,400000,39.5,24,0
8,11,2,yaml-parse,400000,60,46.5,0
8,11,2,ini-parse,400000,61,43.7,0
8,11,2,properties-parse,400000,63.6,44.8,0
8,11,2,xml-parse,400000,31.8,14.4,0
8,11,2,plist-parse,400000,40,21.2,0
8,11,2,hcl-parse,400000,54.4,37.4,0
8,11,2,json-ops,75000,21,14.6,0
8,11,2,toml-ops,75000,12.1,7.6,0
8,11,2,yaml-ops,75000,24.1,18.7,0
8,11,2,ini-ops,75000,22.1,18.8,0
8,11,2,properties-ops,75000,43.6,28.7,0
8,11,2,xml-ops,75000,12.1,5.3,0
8,11,2,plist-ops,75000,9,5.8,0
8,11,2,hcl-ops,75000,17.7,13.6,0
8,11,2,protocol-decode,800000,46.6,28.9,0
8,11,3,json-parse,400000,50.7,38,0
8,11,3,toml-parse,400000,31.7,25.5,0
8,11,3,yaml-parse,400000,55.8,49.7,0
8,11,3,ini-parse,400000,56.8,47.5,0
8,11,3,properties-parse,400000,59.9,50,0
8,11,3,xml-parse,400000,20.4,14.8,0
8,11,3,plist-parse,400000,29.6,21,0
8,11,3,hcl-parse,400000,49.1,42,0
8,11,3,json-ops,75000,21.4,14.8,0
8,11,3,toml-ops,75000,11.5,8.3,0
8,11,3,yaml-ops,75000,23,18.9,0
8,11,3,ini-ops,75000,28.1,19.3,0
8,11,3,properties-ops,75000,36.2,29.2,0
8,11,3,xml-ops,75000,9.9,5.4,0
8,11,3,plist-ops,75000,11.4,6.1,0
8,11,3,hcl-ops,75000,21.9,14,0
8,11,3,protocol-decode,800000,37.8,28.5,0
8,12,1,json-parse,400000,55.2,40.1,0
8,12,1,toml-parse,400000,33.7,22.8,0
8,12,1,yaml-parse,400000,70,54.8,0
8,12,1,ini-parse,400000,69,53.9,0
8,12,1,properties-parse,400000,71,55.6,0
8,12,1,xml-parse,400000,16.4,10.9,0
8,12,1,plist-parse,400000,35.2,19.8,0
8,12,1,hcl-parse,400000,55.7,43.7,0
8,12,1,json-ops,75000,16.9,12.2,0
8,12,1,toml-ops,75000,9,6.7,0
8,12,1,yaml-ops,75000,24.8,18,0
8,12,1,ini-ops,75000,28.5,18.5,0
8,12,1,properties-ops,75000,42.9,28.1,0
8,12,1,xml-ops,75000,5,3.9,0
8,12,1,plist-ops,75000,5,4,0
8,12,1,hcl-ops,75000,14.8,9.9,0
8,12,1,protocol-decode,800000,40.8,26.9,0
8,12,2,json-parse,400000,54.2,38.3,0
8,12,2,toml-parse,400000,38.7,24,0
8,12,2,yaml-parse,400000,67.9,51.6,0
8,12,2,ini-parse,400000,71,49.3,0
8,12,2,properties-parse,400000,71.5,53.1,0
8,12,2,xml-parse,400000,17.9,11.2,0
8,12,2,plist-parse,400000,28.5,18.5,0
8,12,2,hcl-parse,400000,58.7,41.4,0
8,12,2,json-ops,75000,31.5,14.2,0
8,12,2,toml-ops,75000,18.4,6.4,0
8,12,2,yaml-ops,75000,33.6,17.6,0
8,12,2,ini-ops,75000,31.5,19.4,0
8,12,2,properties-ops,75000,47.9,28.2,0
8,12,2,xml-ops,75000,7.7,4.5,0
8,12,2,plist-ops,75000,11.7,5,0
8,12,2,hcl-ops,75000,27.4,12.5,0
8,12,2,protocol-decode,800000,47.4,26.4,0
8,12,3,json-parse,400000,57.6,38.6,0
8,12,3,toml-parse,400000,39.2,24.2,0
8,12,3,yaml-parse,400000,70.9,49.8,0
8,12,3,ini-parse,400000,70.4,49,0
8,12,3,properties-parse,400000,72.4,51.8,0
8,12,3,xml-parse,400000,27.8,13.5,0
8,12,3,plist-parse,400000,36.5,19.8,0
8,12,3,hcl-parse,400000,59.1,41,0
8,12,3,json-ops,75000,28.9,13.8,0
8,12,3,toml-ops,75000,14.6,7,0
8,12,3,yaml-ops,75000,37.6,18.9,0
8,12,3,ini-ops,75000,40.1,18.3,0
8,12,3,properties-ops,75000,47.3,27.4,0
8,12,3,xml-ops,75000,13.5,3.7,0
8,12,3,plist-ops,75000,15.1,4.2,0
8,12,3,hcl-ops,75000,21.9,12.5,0
8,12,3,protocol-decode,800000,43.7,27.5,0
8,13,1,json-parse,400000,43,29.4,0
8,13,1,toml-parse,400000,30.2,17.3,0
8,13,1,yaml-parse,400000,48.6,35.2,0
8,13,1,ini-parse,400000,49.7,36.2,0
8,13,1,properties-parse,400000,51.2,39.4,0
8,13,1,xml-parse,400000,21.9,12.6,0
8,13,1,plist-parse,400000,29.7,16.5,0
8,13,1,hcl-parse,400000,42.5,31.5,0
8,13,1,json-ops,75000,24.6,11.1,0
8,13,1,toml-ops,75000,13,5.8,0
8,13,1,yaml-ops,75000,28.7,15.5,0
8,13,1,ini-ops,75000,26.1,16.1,0
8,13,1,properties-ops,75000,34.3,21.8,0
8,13,1,xml-ops,75000,7.8,3.2,0
8,13,1,plist-ops,75000,9.3,4.4,0
8,13,1,hcl-ops,75000,19.3,11,0
8,13,1,protocol-decode,800000,35.3,22.1,0
8,13,2,json-parse,400000,40.4,29.9,0
8,13,2,toml-parse,400000,29.2,21.4,0
8,13,2,yaml-parse,400000,48.1,36.7,0
8,13,2,ini-parse,400000,47,38.5,0
8,13,2,properties-parse,400000,50.6,39.2,0
8,13,2,xml-parse,400000,16.1,13.8,0
8,13,2,plist-parse,400000,25,18.9,0
8,13,2,hcl-parse,400000,41.4,31.7,0
8,13,2,json-ops,75000,21.3,13.4,0
8,13,2,toml-ops,75000,13.5,6.6,0
8,13,2,yaml-ops,75000,23.4,16.2,0
8,13,2,ini-ops,75000,25.5,18.2,0
8,13,2,properties-ops,75000,33.2,23.6,0
8,13,2,xml-ops,75000,8.2,3.9,0
8,13,2,plist-ops,75000,6.4,5,0
8,13,2,hcl-ops,75000,20.8,11.6,0
8,13,2,protocol-decode,800000,30.6,24.1,0
8,13,3,json-parse,400000,38.8,31.3,0
8,13,3,toml-parse,400000,28.6,20.7,0
8,13,3,yaml-parse,400000,47,38.7,0
8,13,3,ini-parse,400000,48,37.7,0
8,13,3,properties-parse,400000,48,43.2,0
8,13,3,xml-parse,400000,16.5,13.4,0
8,13,3,plist-parse,400000,28,18.5,0
8,13,3,hcl-parse,400000,41.3,31.6,0
8,13,3,json-ops,75000,20.8,12.8,0
8,13,3,toml-ops,75000,15.5,5.8,0
8,13,3,yaml-ops,75000,27.5,15.9,0
8,13,3,ini-ops,75000,26.5,17.5,0
8,13,3,properties-ops,75000,32.6,23.5,0
8,13,3,xml-ops,75000,8.6,4.6,0
8,13,3,plist-ops,75000,10.7,5,0
8,13,3,hcl-ops,75000,20.7,11.5,0
8,13,3,protocol-decode,800000,31.1,24.6,0
8,14,1,json-parse,400000,54.1,43,0
8,14,1,toml-parse,400000,41.8,26.9,0
8,14,1,yaml-parse,400000,63.8,50.9,0
8,14,1,ini-parse,400000,65.8,46.9,0
8,14,1,properties-parse,400000,65.8,50.2,0
8,14,1,xml-parse,400000,33.6,16.5,0
8,14,1,plist-parse,400000,33.1,23,0
8,14,1,hcl-parse,400000,58.2,41.8,0
8,14,1,json-ops,75000,31.5,17.3,0
8,14,1,toml-ops,75000,9.3,7.9,0
8,14,1,yaml-ops,75000,37.7,22.1,0
8,14,1,ini-ops,75000,34.6,22.3,0
8,14,1,properties-ops,75000,49.4,31.9,0
8,14,1,xml-ops,75000,5.7,4.8,0
8,14,1,plist-ops,75000,15,6.4,0
8,14,1,hcl-ops,75000,32.5,15,0
8,14,1,protocol-decode,800000,52,32.8,0
8,14,2,json-parse,400000,58.6,40,0
8,14,2,toml-parse,400000,45.3,25.8,0
8,14,2,yaml-parse,400000,65.8,47,0
8,14,2,ini-parse,400000,66.3,46.1,0
8,14,2,properties-parse,400000,67.3,48.2,0
8,14,2,xml-parse,400000,28.9,15.9,0
8,14,2,plist-parse,400000,28.9,21.7,0
8,14,2,hcl-parse,400000,53,44.1,0
8,14,2,json-ops,75000,27.3,15.7,0
8,14,2,toml-ops,75000,13.4,7.6,0
8,14,2,yaml-ops,75000,31.4,19.9,0
8,14,2,ini-ops,75000,26.3,20.1,0
8,14,2,properties-ops,75000,44.2,30.3,0
8,14,2,xml-ops,75000,12.3,5.1,0
8,14,2,plist-ops,75000,8.7,5.6,0
8,14,2,hcl-ops,75000,24.2,13.8,0
8,14,2,protocol-decode,800000,42.7,29.5,0
8,14,3,json-parse,400000,53.4,42,0
8,14,3,toml-parse,400000,37.6,26.8,0
8,14,3,yaml-parse,400000,61.1,50.5,0
8,14,3,ini-parse,400000,59.6,50.6,0
8,14,3,properties-parse,400000,64.7,51.4,0
8,14,3,xml-parse,400000,19,15.8,0
8,14,3,plist-parse,400000,29.3,21.9,0
8,14,3,hcl-parse,400000,55.5,42.8,0
8,14,3,json-ops,75000,25.7,15.6,0
8,14,3,toml-ops,75000,15.4,8.1,0
8,14,3,yaml-ops,75000,33.4,20.6,0
8,14,3,ini-ops,75000,33.9,21.5,0
8,14,3,properties-ops,75000,41.6,30.1,0
8,14,3,xml-ops,75000,10.2,5.1,0
8,14,3,plist-ops,75000,13.3,6.5,0
8,14,3,hcl-ops,75000,22.6,13.9,0
8,14,3,protocol-decode,800000,44.7,30.2,0
8,15,1,json-parse,400000,44.6,31.2,0
8,15,1,toml-parse,400000,30.2,21.2,0
8,15,1,yaml-parse,400000,53.7,41.2,0
8,15,1,ini-parse,400000,54.2,40.2,0
8,15,1,properties-parse,400000,55.3,44.6,0
8,15,1,xml-parse,400000,24,11.4,0
8,15,1,plist-parse,400000,31.7,17.5,0
8,15,1,hcl-parse,400000,46.1,32.4,0
8,15,1,json-ops,75000,25,12.3,0
8,15,1,toml-ops,75000,13,6.1,0
8,15,1,yaml-ops,75000,29.7,17,0
8,15,1,ini-ops,75000,27,17.6,0
8,15,1,properties-ops,75000,39.4,23.8,0
8,15,1,xml-ops,75000,7.1,3.4,0
8,15,1,plist-ops,75000,5.4,4.7,0
8,15,1,hcl-ops,75000,22.4,11.3,0
8,15,1,protocol-decode,800000,37.3,23.9,0
8,15,2,json-parse,400000,44.5,30.7,0
8,15,2,toml-parse,400000,29.6,22.9,0
8,15,2,yaml-parse,400000,53.2,40.3,0
8,15,2,ini-parse,400000,50.6,42.6,0
8,15,2,properties-parse,400000,55.2,43.8,0
8,15,2,xml-parse,400000,19.2,14,0
8,15,2,plist-parse,400000,25.4,19,0
8,15,2,hcl-parse,400000,44,35.9,0
8,15,2,json-ops,75000,23.9,13.9,0
8,15,2,toml-ops,75000,13.4,6.8,0
8,15,2,yaml-ops,75000,24.9,16.9,0
8,15,2,ini-ops,75000,24.4,18,0
8,15,2,properties-ops,75000,35.7,24.6,0
8,15,2,xml-ops,75000,7.6,3.5,0
8,15,2,plist-ops,75000,8.7,4.1,0
8,15,2,hcl-ops,75000,18.7,12.6,0
8,15,2,protocol-decode,800000,29.1,24.3,0
8,15,3,json-parse,400000,43.9,32.9,0
8,15,3,toml-parse,400000,32.1,20.5,0
8,15,3,yaml-parse,400000,50.6,43.1,0
8,15,3,ini-parse,400000,50,43.2,0
8,15,3,properties-parse,400000,55.6,43.6,0
8,15,3,xml-parse,400000,18.6,14.2,0
8,15,3,plist-parse,400000,29,19.6,0
8,15,3,hcl-parse,400000,46,33.7,0
8,15,3,json-ops,75000,20.2,14.1,0
8,15,3,toml-ops,75000,15.9,7.3,0
8,15,3,yaml-ops,75000,25.9,17.5,0
8,15,3,ini-ops,75000,27.9,16.8,0
8,15,3,properties-ops,75000,35.2,25.2,0
8,15,3,xml-ops,75000,11.3,4,0
8,15,3,plist-ops,75000,12.8,4.9,0
8,15,3,hcl-ops,75000,21.2,12,0
8,15,3,protocol-decode,800000,33.6,25.2,0
8,16,1,json-parse,400000,55.3,41,0
8,16,1,toml-parse,400000,43,27,0
8,16,1,yaml-parse,400000,69.6,51.7,0
8,16,1,ini-parse,400000,69.1,51.4,0
8,16,1,properties-parse,400000,70.7,56.3,0
8,16,1,xml-parse,400000,31.7,16,0
8,16,1,plist-parse,400000,41.5,24.1,0
8,16,1,hcl-parse,400000,58.4,44.4,0
8,16,1,json-ops,75000,32.7,16.5,0
8,16,1,toml-ops,75000,18.3,8,0
8,16,1,yaml-ops,75000,36.8,21.8,0
8,16,1,ini-ops,75000,43,23.8,0
8,16,1,properties-ops,75000,45.6,31.3,0
8,16,1,xml-ops,75000,10.5,4.8,0
8,16,1,plist-ops,75000,6.9,5.7,0
8,16,1,hcl-ops,75000,26,14.7,0
8,16,1,protocol-decode,800000,50.6,30.9,0
8,16,2,json-parse,400000,55.8,41.2,0
8,16,2,toml-parse,400000,41.9,25.9,0
8,16,2,yaml-parse,400000,71.1,52.2,0
8,16,2,ini-parse,400000,68,52,0
8,16,2,properties-parse,400000,67,56.8,0
8,16,2,xml-parse,400000,27,15,0
8,16,2,plist-parse,400000,33.1,21.9,0
8,16,2,hcl-parse,400000,56.8,42.7,0
8,16,2,json-ops,75000,28.5,15,0
8,16,2,toml-ops,75000,15.6,7.8,0
8,16,2,yaml-ops,75000,25.4,18.6,0
8,16,2,ini-ops,75000,27,20.6,0
8,16,2,properties-ops,75000,41.4,30.1,0
8,16,2,xml-ops,75000,9.9,4.6,0
8,16,2,plist-ops,75000,10.5,6,0
8,16,2,hcl-ops,75000,22.8,14.3,0
8,16,2,protocol-decode,800000,40.3,29.3,0
8,16,3,json-parse,400000,54.1,39.9,0
8,16,3,toml-parse,400000,36.7,25.4,0
8,16,3,yaml-parse,400000,63.3,53,0
8,16,3,ini-parse,400000,63.9,51.6,0
8,16,3,properties-parse,400000,67.4,56.9,0
8,16,3,xml-parse,400000,24.3,14.7,0
8,16,3,plist-parse,400000,33.6,22.3,0
8,16,3,hcl-parse,400000,53.6,42.7,0
8,16,3,json-ops,75000,25.8,15.8,0
8,16,3,toml-ops,75000,15.6,7.9,0
8,16,3,yaml-ops,75000,29.9,20,0
8,16,3,ini-ops,75000,35.6,21.4,0
8,16,3,properties-ops,75000,42.8,29.8,0
8,16,3,xml-ops,75000,11.4,5.1,0
8,16,3,plist-ops,75000,10.9,5.6,0
8,16,3,hcl-ops,75000,26.3,13.6,0
8,16,3,protocol-decode,800000,38.7,28.7,0
8,17,1,json-parse,400000,51,42.2,0
8,17,1,toml-parse,400000,37.2,25.6,0
8,17,1,yaml-parse,400000,63.1,51.9,0
8,17,1,ini-parse,400000,62.1,52.9,0
8,17,1,properties-parse,400000,65.7,54.9,0
8,17,1,xml-parse,400000,21.3,16.2,0
8,17,1,plist-parse,400000,34.6,23.5,0
8,17,1,hcl-parse,400000,55.5,42.6,0
8,17,1,json-ops,75000,27,15.6,0
8,17,1,toml-ops,75000,13,7.8,0
8,17,1,yaml-ops,75000,34.6,21.6,0
8,17,1,ini-ops,75000,36.6,22.7,0
8,17,1,properties-ops,75000,44.3,31.4,0
8,17,1,xml-ops,75000,13.5,5.2,0
8,17,1,plist-ops,75000,8.3,5.4,0
8,17,1,hcl-ops,75000,20.2,14.1,0
8,17,1,protocol-decode,800000,39.7,30.7,0
8,17,2,json-parse,400000,53.4,40.8,0
8,17,2,toml-parse,400000,43.2,26.7,0
8,17,2,yaml-parse,400000,64.6,51.5,0
8,17,2,ini-parse,400000,64.1,51.3,0
8,17,2,properties-parse,400000,61.5,57.3,0
8,17,2,xml-parse,400000,19.2,15.2,0
8,17,2,plist-parse,400000,25.9,21.1,0
8,17,2,hcl-parse,400000,54.4,41.2,0
8,17,2,json-ops,75000,21.2,15.5,0
8,17,2,toml-ops,75000,12.9,7.3,0
8,17,2,yaml-ops,75000,34,19.6,0
8,17,2,ini-ops,75000,31.5,20,0
8,17,2,properties-ops,75000,40.7,30.1,0
8,17,2,xml-ops,75000,10.3,5.1,0
8,17,2,plist-ops,75000,9.2,5.3,0
8,17,2,hcl-ops,75000,19.6,13.7,0
8,17,2,protocol-decode,800000,43.2,29.7,0
8,17,3,json-parse,400000,53.3,39.4,0
8,17,3,toml-parse,400000,37,25.1,0
8,17,3,yaml-parse,400000,62,50.2,0
8,17,3,ini-parse,400000,57.4,51.3,0
8,17,3,properties-parse,400000,65.5,53.6,0
8,17,3,xml-parse,400000,26.3,15.2,0
8,17,3,plist-parse,400000,29.9,21.2,0
8,17,3,hcl-parse,400000,54.8,40.4,0
8,17,3,json-ops,75000,27.8,15.2,0
8,17,3,toml-ops,75000,17,8,0
8,17,3,yaml-ops,75000,29.3,18.8,0
8,17,3,ini-ops,75000,29.3,20.6,0
8,17,3,properties-ops,75000,45.2,31.3,0
8,17,3,xml-ops,75000,14.9,4.8,0
8,17,3,plist-ops,75000,14.9,5.7,0
8,17,3,hcl-ops,75000,22.2,13.6,0
8,17,3,protocol-decode,800000,43.6,29.8,0
8,18,1,json-parse,400000,50.3,39.4,0
8,18,1,toml-parse,400000,41.2,24.2,0
8,18,1,yaml-parse,400000,63,49.8,0
8,18,1,ini-parse,400000,65.6,50.6,0
8,18,1,properties-parse,400000,68.1,52.8,0
8,18,1,xml-parse,400000,31.4,16.7,0
8,18,1,plist-parse,400000,33.5,22.1,0
8,18,1,hcl-parse,400000,57.9,41.1,0
8,18,1,json-ops,75000,31.4,15.9,0
8,18,1,toml-ops,75000,11.9,7.9,0
8,18,1,yaml-ops,75000,39.1,21.3,0
8,18,1,ini-ops,75000,36,22,0
8,18,1,properties-ops,75000,42.2,29.7,0
8,18,1,xml-ops,75000,5.7,4.7,0
8,18,1,plist-ops,75000,6.2,5.3,0
8,18,1,hcl-ops,75000,27.3,14.2,0
8,18,1,protocol-decode,800000,47.2,30.5,0
8,18,2,json-parse,400000,54.8,39.8,0
8,18,2,toml-parse,400000,38.5,26.1,0
8,18,2,yaml-parse,400000,61.9,52,0
8,18,2,ini-parse,400000,66.5,48.6,0
8,18,2,properties-parse,400000,68.5,53,0
8,18,2,xml-parse,400000,32.9,16.2,0
8,18,2,plist-parse,400000,35.4,22.3,0
8,18,2,hcl-parse,400000,58.9,40.9,0
8,18,2,json-ops,75000,28.8,15.8,0
8,18,2,toml-ops,75000,20.6,8.5,0
8,18,2,yaml-ops,75000,34.4,20.2,0
8,18,2,ini-ops,75000,26.7,20.4,0
8,18,2,properties-ops,75000,38.5,29.5,0
8,18,2,xml-ops,75000,9.8,5,0
8,18,2,plist-ops,75000,8.7,5.8,0
8,18,2,hcl-ops,75000,19,13.5,0
8,18,2,protocol-decode,800000,37.5,28.6,0
8,18,3,json-parse,400000,48.2,39.3,0
8,18,3,toml-parse,400000,32.3,25,0
8,18,3,yaml-parse,400000,61.4,52.3,0
8,18,3,ini-parse,400000,59.3,51.9,0
8,18,3,properties-parse,400000,64.9,54.5,0
8,18,3,xml-parse,400000,21,15.5,0
8,18,3,plist-parse,400000,30.8,21.7,0
8,18,3,hcl-parse,400000,50.2,41,0
8,18,3,json-ops,75000,20.5,15.5,0
8,18,3,toml-ops,75000,11.3,7.3,0
8,18,3,yaml-ops,75000,25.6,19.7,0
8,18,3,ini-ops,75000,28.2,20.5,0
8,18,3,properties-ops,75000,37.9,29.2,0
8,18,3,xml-ops,75000,6.1,4.8,0
8,18,3,plist-ops,75000,9.7,5.6,0
8,18,3,hcl-ops,75000,20.5,13.5,0
8,18,3,protocol-decode,800000,38.4,28.4,0
8,19,1,json-parse,400000,53.5,39.8,0
8,19,1,toml-parse,400000,39.7,26.4,0
8,19,1,yaml-parse,400000,67.2,50,0
8,19,1,ini-parse,400000,67.2,49.5,0
8,19,1,properties-parse,400000,67.7,54.1,0
8,19,1,xml-parse,400000,29.9,16.3,0
8,19,1,plist-parse,400000,37.1,22.7,0
8,19,1,hcl-parse,400000,57.5,41.4,0
8,19,1,json-ops,75000,29.4,15.8,0
8,19,1,toml-ops,75000,20.6,7.9,0
8,19,1,yaml-ops,75000,35.6,21.1,0
8,19,1,ini-ops,75000,35,21.3,0
8,19,1,properties-ops,75000,42.2,29.9,0
8,19,1,xml-ops,75000,11.4,4.4,0
8,19,1,plist-ops,75000,8.3,5.6,0
8,19,1,hcl-ops,75000,23.7,14.1,0
8,19,1,protocol-decode,800000,42.2,29.4,0
8,19,2,json-parse,400000,53.4,38.7,0
8,19,2,toml-parse,400000,41.1,24.7,0
8,19,2,yaml-parse,400000,64.6,49.6,0
8,19,2,ini-parse,400000,63.6,50.9,0
8,19,2,properties-parse,400000,68.7,53.2,0
8,19,2,xml-parse,400000,30.9,15.4,0
8,19,2,plist-parse,400000,40.6,23.2,0
8,19,2,hcl-parse,400000,47.2,41.2,0
8,19,2,json-ops,75000,18,14.4,0
8,19,2,toml-ops,75000,12.4,7.5,0
8,19,2,yaml-ops,75000,24.7,19.2,0
8,19,2,ini-ops,75000,24.7,20,0
8,19,2,properties-ops,75000,37.5,29.4,0
8,19,2,xml-ops,75000,12.4,4.8,0
8,19,2,plist-ops,75000,16,5.7,0
8,19,2,hcl-ops,75000,26.7,14.5,0
8,19,2,protocol-decode,800000,36,28.6,0
8,19,3,json-parse,400000,54.9,37.9,0
8,19,3,toml-parse,400000,30.8,25.1,0
8,19,3,yaml-parse,400000,66.1,48.8,0
8,19,3,ini-parse,400000,61,52.1,0
8,19,3,properties-parse,400000,63,57.2,0
8,19,3,xml-parse,400000,22.1,15.7,0
8,19,3,plist-parse,400000,25.7,21.4,0
8,19,3,hcl-parse,400000,48.2,41,0
8,19,3,json-ops,75000,19.5,15,0
8,19,3,toml-ops,75000,12.3,7.2,0
8,19,3,yaml-ops,75000,24.6,19.2,0
8,19,3,ini-ops,75000,26.7,20.5,0
8,19,3,properties-ops,75000,35.9,29.6,0
8,19,3,xml-ops,75000,8.2,4.6,0
8,19,3,plist-ops,75000,7.1,5.5,0
8,19,3,hcl-ops,75000,17.9,13.7,0
8,19,3,protocol-decode,800000,37.4,29.1,0
8,20,1,json-parse,400000,52.8,39.3,0
8,20,1,toml-parse,400000,37.5,25.4,0
8,20,1,yaml-parse,400000,65,49.5,0
8,20,1,ini-parse,400000,64.5,51,0
8,20,1,properties-parse,400000,66.5,54.8,0
8,20,1,xml-parse,400000,23.6,15.3,0
8,20,1,plist-parse,400000,33.9,21.5,0
8,20,1,hcl-parse,400000,54.3,40.1,0
8,20,1,json-ops,75000,28.2,15.5,0
8,20,1,toml-ops,75000,17.4,8,0
8,20,1,yaml-ops,75000,40,23,0
8,20,1,ini-ops,75000,33.9,21.3,0
8,20,1,properties-ops,75000,42.5,30.6,0
8,20,1,xml-ops,75000,4.6,4,0
8,20,1,plist-ops,75000,10.2,5.4,0
8,20,1,hcl-ops,75000,14.9,13.1,0
8,20,1,protocol-decode,800000,39,29.1,0
8,20,2,json-parse,400000,55.8,38.9,0
8,20,2,toml-parse,400000,40.5,26.2,0
8,20,2,yaml-parse,400000,63.4,50.7,0
8,20,2,ini-parse,400000,63.4,50.7,0
8,20,2,properties-parse,400000,69,51.8,0
8,20,2,xml-parse,400000,17.9,14.7,0
8,20,2,plist-parse,400000,39.4,23.9,0
8,20,2,hcl-parse,400000,48.1,40.9,0
8,20,2,json-ops,75000,19.4,15.3,0
8,20,2,toml-ops,75000,8.1,7.1,0
8,20,2,yaml-ops,75000,31.7,19.4,0
8,20,2,ini-ops,75000,33.8,21.2,0
8,20,2,properties-ops,75000,35.8,29.9,0
8,20,2,xml-ops,75000,6,4.5,0
8,20,2,plist-ops,75000,8.6,5,0
8,20,2,hcl-ops,75000,15.8,13.3,0
8,20,2,protocol-decode,800000,35.3,27.6,0
8,20,3,json-parse,400000,43.4,38.6,0
8,20,3,toml-parse,400000,40.9,25.5,0
8,20,3,yaml-parse,400000,63.3,50.7,0
8,20,3,ini-parse,400000,57.7,51.8,0
8,20,3,properties-parse,400000,67.4,51.9,0
8,20,3,xml-parse,400000,20.4,14.7,0
8,20,3,plist-parse,400000,32.2,21.6,0
8,20,3,hcl-parse,400000,54.7,39,0
8,20,3,json-ops,75000,27.6,15.3,0
8,20,3,toml-ops,75000,11.1,7.5,0
8,20,3,yaml-ops,75000,24,19.2,0
8,20,3,ini-ops,75000,40.8,23.2,0
8,20,3,properties-ops,75000,35.2,29.5,0
8,20,3,xml-ops,75000,6.5,4.2,0
8,20,3,plist-ops,75000,7,4.9,0
8,20,3,hcl-ops,75000,17.8,13.2,0
8,20,3,protocol-decode,800000,34.2,28.8,0
8,21,1,json-parse,400000,53.7,40.9,0
8,21,1,toml-parse,400000,38.5,25.8,0
8,21,1,yaml-parse,400000,67.4,51.6,0
8,21,1,ini-parse,400000,65.9,50.7,0
8,21,1,properties-parse,400000,71,53.1,0
8,21,1,xml-parse,400000,30.2,16.1,0
8,21,1,plist-parse,400000,35.9,22.2,0
8,21,1,hcl-parse,400000,57.3,42.2,0
8,21,1,json-ops,75000,31.7,16,0
8,21,1,toml-ops,75000,14.9,7.7,0
8,21,1,yaml-ops,75000,37.9,21.2,0
8,21,1,ini-ops,75000,37.4,22.4,0
8,21,1,properties-ops,75000,45,30,0
8,21,1,xml-ops,75000,10.3,4.3,0
8,21,1,plist-ops,75000,5.6,4.8,0
8,21,1,hcl-ops,75000,27.6,14.4,0
8,21,1,protocol-decode,800000,44,30.5,0
8,21,2,json-parse,400000,53.6,41,0
8,21,2,toml-parse,400000,37.3,26.7,0
8,21,2,yaml-parse,400000,67.9,50.1,0
8,21,2,ini-parse,400000,66.8,49.6,0
8,21,2,properties-parse,400000,70.4,53.3,0
8,21,2,xml-parse,400000,31.2,15.6,0
8,21,2,plist-parse,400000,35.3,22.2,0
8,21,2,hcl-parse,400000,50,41.5,0
8,21,2,json-ops,75000,22.5,15.2,0
8,21,2,toml-ops,75000,14.8,8,0
8,21,2,yaml-ops,75000,22.4,18.2,0
8,21,2,ini-ops,75000,27,20.3,0
8,21,2,properties-ops,75000,36.3,29.5,0
8,21,2,xml-ops,75000,8.1,4.9,0
8,21,2,plist-ops,75000,11.7,5.4,0
8,21,2,hcl-ops,75000,17.8,13.7,0
8,21,2,protocol-decode,800000,36.3,28.5,0
8,21,3,json-parse,400000,49,39.4,0
8,21,3,toml-parse,400000,30.6,25.1,0
8,21,3,yaml-parse,400000,61.7,52.7,0
8,21,3,ini-parse,400000,61.2,51.4,0
8,21,3,properties-parse,400000,63.2,56.2,0
8,21,3,xml-parse,400000,22.9,15.1,0
8,21,3,plist-parse,400000,26.5,20.9,0
8,21,3,hcl-parse,400000,49.5,41.8,0
8,21,3,json-ops,75000,18.3,15.2,0
8,21,3,toml-ops,75000,11.7,7.8,0
8,21,3,yaml-ops,75000,29,20.3,0
8,21,3,ini-ops,75000,37.2,22.5,0
8,21,3,properties-ops,75000,37.8,28.9,0
8,21,3,xml-ops,75000,10.6,5,0
8,21,3,plist-ops,75000,12.7,6,0
8,21,3,hcl-ops,75000,19.8,13.7,0
8,21,3,protocol-decode,800000,38.8,29.6,0
8,22,1,json-parse,400000,51.5,39.7,0
8,22,1,toml-parse,400000,35.7,26.1,0
8,22,1,yaml-parse,400000,62.3,51.4,0
8,22,1,ini-parse,400000,65.8,50.6,0
8,22,1,properties-parse,400000,67.8,54.7,0
8,22,1,xml-parse,400000,24.5,15.8,0
8,22,1,plist-parse,400000,35.7,22.3,0
8,22,1,hcl-parse,400000,57.7,41.7,0
8,22,1,json-ops,75000,24.5,16.1,0
8,22,1,toml-ops,75000,16.7,7.6,0
8,22,1,yaml-ops,75000,35.7,21.7,0
8,22,1,ini-ops,75000,36.7,22.7,0
8,22,1,properties-ops,75000,44.4,30.5,0
8,22,1,xml-ops,75000,7.4,4.7,0
8,22,1,plist-ops,75000,17.7,6.9,0
8,22,1,hcl-ops,75000,29,14,0
8,22,1,protocol-decode,800000,38.7,29.1,0
8,22,2,json-parse,400000,56.1,40.7,0
8,22,2,toml-parse,400000,38.7,26.4,0
8,22,2,yaml-parse,400000,65.8,51.3,0
8,22,2,ini-parse,400000,65.3,50.4,0
8,22,2,properties-parse,400000,69.8,53.7,0
8,22,2,xml-parse,400000,24.9,16.5,0
8,22,2,plist-parse,400000,38.2,22.8,0
8,22,2,hcl-parse,400000,56.1,41.3,0
8,22,2,json-ops,75000,32.1,16,0
8,22,2,toml-ops,75000,13.1,7.5,0
8,22,2,yaml-ops,75000,25.9,19.7,0
8,22,2,ini-ops,75000,31,21.3,0
8,22,2,properties-ops,75000,41.2,29.7,0
8,22,2,xml-ops,75000,10.9,4.8,0
8,22,2,plist-ops,75000,11.5,6,0
8,22,2,hcl-ops,75000,23.3,14.2,0
8,22,2,protocol-decode,800000,45.8,30.4,0
8,22,3,json-parse,400000,52.4,41.5,0
8,22,3,toml-parse,400000,38.7,26.1,0
8,22,3,yaml-parse,400000,62.2,52.6,0
8,22,3,ini-parse,400000,61.1,52.4,0
8,22,3,properties-parse,400000,65.2,55.7,0
8,22,3,xml-parse,400000,22.7,15.2,0
8,22,3,plist-parse,400000,33,22.4,0
8,22,3,hcl-parse,400000,51.9,42.3,0
8,22,3,json-ops,75000,23.8,15.7,0
8,22,3,toml-ops,75000,12.4,7.4,0
8,22,3,yaml-ops,75000,29.9,19.2,0
8,22,3,ini-ops,75000,28.9,21.5,0
8,22,3,properties-ops,75000,36.6,29.8,0
8,22,3,xml-ops,75000,11.4,5,0
8,22,3,plist-ops,75000,7.3,5.6,0
8,22,3,hcl-ops,75000,23.7,14.2,0
8,22,3,protocol-decode,800000,38.6,28.7,0
8,23,1,json-parse,400000,54.8,39.3,0
8,23,1,toml-parse,400000,38,25.4,0
8,23,1,yaml-parse,400000,64.5,51.2,0
8,23,1,ini-parse,400000,66.5,50.5,0
8,23,1,properties-parse,400000,67.5,53.5,0
8,23,1,xml-parse,400000,30.3,16.3,0
8,23,1,plist-parse,400000,37,22.2,0
8,23,1,hcl-parse,400000,52.3,42.9,0
8,23,1,json-ops,75000,28.2,15.7,0
8,23,1,toml-ops,75000,16.4,7.7,0
8,23,1,yaml-ops,75000,38.5,21.5,0
8,23,1,ini-ops,75000,33.9,22,0
8,23,1,properties-ops,75000,46.6,31.3,0
8,23,1,xml-ops,75000,8.6,4.3,0
8,23,1,plist-ops,75000,14.3,5.7,0
8,23,1,hcl-ops,75000,29.7,15.2,0
8,23,1,protocol-decode,800000,46.6,31.4,0
8,23,2,json-parse,400000,55.8,40.4,0
8,23,2,toml-parse,400000,43,25.2,0
8,23,2,yaml-parse,400000,67.4,50.8,0
8,23,2,ini-parse,400000,66.9,50,0
8,23,2,properties-parse,400000,63.4,55.2,0
8,23,2,xml-parse,400000,32.3,16.2,0
8,23,2,plist-parse,400000,23.5,20.7,0
8,23,2,hcl-parse,400000,57.7,40.6,0
8,23,2,json-ops,75000,23,14.9,0
8,23,2,toml-ops,75000,11.7,7.5,0
8,23,2,yaml-ops,75000,23.5,19,0
8,23,2,ini-ops,75000,29.2,20.6,0
8,23,2,properties-ops,75000,42,30.4,0
8,23,2,xml-ops,75000,11.6,4.6,0
8,23,2,plist-ops,75000,8.5,5.6,0
8,23,2,hcl-ops,75000,21.4,13.9,0
8,23,2,protocol-decode,800000,41.5,29.6,0
8,23,3,json-parse,400000,48.6,39,0
8,23,3,toml-parse,400000,33.3,25,0
8,23,3,yaml-parse,400000,62.3,50.4,0
8,23,3,ini-parse,400000,57.2,51.4,0
8,23,3,properties-parse,400000,65.3,54.6,0
8,23,3,xml-parse,400000,24.5,14.6,0
8,23,3,plist-parse,400000,29.1,20.8,0
8,23,3,hcl-parse,400000,51.6,42.1,0
8,23,3,json-ops,75000,22.4,15.2,0
8,23,3,toml-ops,75000,12.1,7.6,0
8,23,3,yaml-ops,75000,26.5,18.9,0
8,23,3,ini-ops,75000,29.1,20,0
8,23,3,properties-ops,75000,39.9,29.6,0
8,23,3,xml-ops,75000,12.1,4.6,0
8,23,3,plist-ops,75000,9,5.5,0
8,23,3,hcl-ops,75000,20.8,14,0
8,23,3,protocol-decode,800000,40.4,28.9,0
8,24,1,json-parse,400000,57.8,39.1,0
8,24,1,toml-parse,400000,43,26.3,0
8,24,1,yaml-parse,400000,63.3,46.9,0
8,24,1,ini-parse,400000,58.8,49.9,0
8,24,1,properties-parse,400000,65.3,46.7,0
8,24,1,xml-parse,400000,26.5,16.3,0
8,24,1,plist-parse,400000,41.9,24.3,0
8,24,1,hcl-parse,400000,56.2,41.1,0
8,24,1,json-ops,75000,37.3,16.9,0
8,24,1,toml-ops,75000,18.3,8.5,0
8,24,1,yaml-ops,75000,35.3,20.8,0
8,24,1,ini-ops,75000,38.3,22.5,0
8,24,1,properties-ops,75000,48.5,30.9,0
8,24,1,xml-ops,75000,7.7,4.8,0
8,24,1,plist-ops,75000,11.4,5.4,0
8,24,1,hcl-ops,75000,26,14.3,0
8,24,1,protocol-decode,800000,48.5,31.7,0
8,24,2,json-parse,400000,56.2,38.2,0
8,24,2,toml-parse,400000,42.4,25.1,0
8,24,2,yaml-parse,400000,63.3,46.3,0
8,24,2,ini-parse,400000,61.2,47.7,0
8,24,2,properties-parse,400000,64.3,49,0
8,24,2,xml-parse,400000,35.7,16.7,0
8,24,2,plist-parse,400000,39.3,23.2,0
8,24,2,hcl-parse,400000,56.7,40.7,0
8,24,2,json-ops,75000,25.4,15.8,0
8,24,2,toml-ops,75000,13.6,7.9,0
8,24,2,yaml-ops,75000,29.5,20.1,0
8,24,2,ini-ops,75000,28,20.8,0
8,24,2,properties-ops,75000,41.3,29.9,0
8,24,2,xml-ops,75000,11.9,5,0
8,24,2,plist-ops,75000,11.9,5.7,0
8,24,2,hcl-ops,75000,20.8,14.4,0
8,24,2,protocol-decode,800000,41.3,28.9,0
8,24,3,json-parse,400000,53.6,40.6,0
8,24,3,toml-parse,400000,37.7,25.6,0
8,24,3,yaml-parse,400000,60.2,49.1,0
8,24,3,ini-parse,400000,60.7,48,0
8,24,3,properties-parse,400000,62.7,51.6,0
8,24,3,xml-parse,400000,25.9,16,0
8,24,3,plist-parse,400000,34.6,22.2,0
8,24,3,hcl-parse,400000,52.5,41.3,0
8,24,3,json-ops,75000,24.9,15.8,0
8,24,3,toml-ops,75000,14.6,7.9,0
8,24,3,yaml-ops,75000,29.5,19.2,0
8,24,3,ini-ops,75000,30.5,21.3,0
8,24,3,properties-ops,75000,39.7,29.8,0
8,24,3,xml-ops,75000,12.9,4.7,0
8,24,3,plist-ops,75000,12.4,6,0
8,24,3,hcl-ops,75000,24.3,14,0
8,24,3,protocol-decode,800000,37.7,29,0
8,25,1,json-parse,400000,52.6,37.4,0
8,25,1,toml-parse,400000,39.1,22.6,0
8,25,1,yaml-parse,400000,65.1,45,0
8,25,1,ini-parse,400000,67.1,41.7,0
8,25,1,properties-parse,400000,68.1,45.8,0
8,25,1,xml-parse,400000,23.5,12.4,0
8,25,1,plist-parse,400000,34.4,19.2,0
8,25,1,hcl-parse,400000,58.2,37.9,0
8,25,1,json-ops,75000,20.4,12.8,0
8,25,1,toml-ops,75000,8.9,6.1,0
8,25,1,yaml-ops,75000,35.4,18.1,0
8,25,1,ini-ops,75000,33.9,19.1,0
8,25,1,properties-ops,75000,43.2,27.2,0
8,25,1,xml-ops,75000,7.3,3.6,0
8,25,1,plist-ops,75000,11,4.2,0
8,25,1,hcl-ops,75000,17.3,11,0
8,25,1,protocol-decode,800000,40.6,26.8,0
8,25,2,json-parse,400000,53.6,35.7,0
8,25,2,toml-parse,400000,38,22.8,0
8,25,2,yaml-parse,400000,66.5,45.3,0
8,25,2,ini-parse,400000,59.8,49.3,0
8,25,2,properties-parse,400000,64.5,52,0
8,25,2,xml-parse,400000,25.1,12.9,0
8,25,2,plist-parse,400000,38.5,19.8,0
8,25,2,hcl-parse,400000,59.7,37.8,0
8,25,2,json-ops,75000,27.1,13.6,0
8,25,2,toml-ops,75000,14.1,5.5,0
8,25,2,yaml-ops,75000,38.5,18.5,0
8,25,2,ini-ops,75000,35.4,19.6,0
8,25,2,properties-ops,75000,48.9,26.2,0
8,25,2,xml-ops,75000,6.7,3.7,0
8,25,2,plist-ops,75000,8.3,4.7,0
8,25,2,hcl-ops,75000,14.6,11.5,0
8,25,2,protocol-decode,800000,36.4,27.6,0
8,25,3,json-parse,400000,44.1,37.1,0
8,25,3,toml-parse,400000,26.1,22.1,0
8,25,3,yaml-parse,400000,62.2,48.1,0
8,25,3,ini-parse,400000,62.4,49.1,0
8,25,3,properties-parse,400000,64.4,51.1,0
8,25,3,xml-parse,400000,17.7,12.6,0
8,25,3,plist-parse,400000,27.1,19.2,0
8,25,3,hcl-parse,400000,48.3,39.2,0
8,25,3,json-ops,75000,19.2,13.3,0
8,25,3,toml-ops,75000,11.4,6.4,0
8,25,3,yaml-ops,75000,25,17.2,0
8,25,3,ini-ops,75000,24.5,18.2,0
8,25,3,properties-ops,75000,37.3,28.2,0
8,25,3,xml-ops,75000,8.8,3.7,0
8,25,3,plist-ops,75000,9.8,4.3,0
8,25,3,hcl-ops,75000,16.6,11.4,0
8,25,3,protocol-decode,800000,34.7,26.5,0
8,26,1,json-parse,400000,51.9,38.2,0
8,26,1,toml-parse,400000,35.3,22.4,0
8,26,1,yaml-parse,400000,78.1,54.6,0
8,26,1,ini-parse,400000,67.3,53.5,0
8,26,1,properties-parse,400000,73.4,57.1,0
8,26,1,xml-parse,400000,27.5,14.4,0
8,26,1,plist-parse,400000,30,21.1,0
8,26,1,hcl-parse,400000,58.6,40.1,0
8,26,1,json-ops,75000,23.8,14.2,0
8,26,1,toml-ops,75000,11.4,5.5,0
8,26,1,yaml-ops,75000,32.1,19.6,0
8,26,1,ini-ops,75000,34.7,18.9,0
8,26,1,properties-ops,75000,40.3,27.2,0
8,26,1,xml-ops,75000,7.5,3.6,0
8,26,1,plist-ops,75000,8.1,4.6,0
8,26,1,hcl-ops,75000,23.8,12.3,0
8,26,1,protocol-decode,800000,39.3,27.8,0
8,26,2,json-parse,400000,50.3,38.8,0
8,26,2,toml-parse,400000,34.2,22.1,0
8,26,2,yaml-parse,400000,69.8,53.4,0
8,26,2,ini-parse,400000,74.4,52.1,0
8,26,2,properties-parse,400000,81.6,57.6,0
8,26,2,xml-parse,400000,21.7,13.6,0
8,26,2,plist-parse,400000,34.2,20.3,0
8,26,2,hcl-parse,400000,59,39.5,0
8,26,2,json-ops,75000,30,14.6,0
8,26,2,toml-ops,75000,13.4,6.1,0
8,26,2,yaml-ops,75000,25.8,18.2,0
8,26,2,ini-ops,75000,26.4,19.5,0
8,26,2,properties-ops,75000,39.7,26.4,0
8,26,2,xml-ops,75000,6.9,4.2,0
8,26,2,plist-ops,75000,7.5,5,0
8,26,2,hcl-ops,75000,16,11.7,0
8,26,2,protocol-decode,800000,37.2,26.9,0
8,26,3,json-parse,400000,51.3,36.7,0
8,26,3,toml-parse,400000,32.7,23.8,0
8,26,3,yaml-parse,400000,68.2,52.4,0
8,26,3,ini-parse,400000,60,51.5,0
8,26,3,properties-parse,400000,75.9,57.7,0
8,26,3,xml-parse,400000,24.7,13.5,0
8,26,3,plist-parse,400000,33.2,20,0
8,26,3,hcl-parse,400000,51.2,38.9,0
8,26,3,json-ops,75000,22.7,13.3,0
8,26,3,toml-ops,75000,14.9,6,0
8,26,3,yaml-ops,75000,29.9,19.1,0
8,26,3,ini-ops,75000,23.2,19.4,0
8,26,3,properties-ops,75000,40.8,27.4,0
8,26,3,xml-ops,75000,7.9,4.6,0
8,26,3,plist-ops,75000,9,4.3,0
8,26,3,hcl-ops,75000,19.5,13,0
8,26,3,protocol-decode,800000,33.5,26.8,0
8,27,1,json-parse,400000,53.3,37.7,0
8,27,1,toml-parse,400000,21,16.8,0
8,27,1,yaml-parse,400000,71.2,53.4,0
8,27,1,ini-parse,400000,78.4,50.5,0
8,27,1,properties-parse,400000,74.3,56.8,0
8,27,1,xml-parse,400000,16.1,12.4,0
8,27,1,plist-parse,400000,20.4,16.2,0
8,27,1,hcl-parse,400000,71.2,39.4,0
8,27,1,json-ops,75000,18.9,14,0
8,27,1,toml-ops,75000,9.2,5.5,0
8,27,1,yaml-ops,75000,21,16.2,0
8,27,1,ini-ops,75000,25.1,18.8,0
8,27,1,properties-ops,75000,49.1,27.7,0
8,27,1,xml-ops,75000,11.5,4.1,0
8,27,1,plist-ops,75000,12.1,4.6,0
8,27,1,hcl-ops,75000,19.4,12.2,0
8,27,1,protocol-decode,800000,31.2,25.8,0
8,27,2,json-parse,400000,61,38.9,0
8,27,2,toml-parse,400000,20.9,16.5,0
8,27,2,yaml-parse,400000,83.5,51.3,0
8,27,2,ini-parse,400000,81.9,49.5,0
8,27,2,properties-parse,400000,87,54.6,0
8,27,2,xml-parse,400000,19.3,13.8,0
8,27,2,plist-parse,400000,31.2,18.8,0
8,27,2,hcl-parse,400000,71.2,40,0
8,27,2,json-ops,75000,25,13.1,0
8,27,2,toml-ops,75000,19.3,5.9,0
8,27,2,yaml-ops,75000,29.1,17.5,0
8,27,2,ini-ops,75000,34.7,19.3,0
8,27,2,properties-ops,75000,41.4,27,0
8,27,2,xml-ops,75000,6.8,3.6,0
8,27,2,plist-ops,75000,8.5,4.8,0
8,27,2,hcl-ops,75000,21.9,11.9,0
8,27,2,protocol-decode,800000,35.7,26.2,0
8,27,3,json-parse,400000,65.5,38.1,0
8,27,3,toml-parse,400000,38.2,22.6,0
8,27,3,yaml-parse,400000,78.3,51.2,0
8,27,3,ini-parse,400000,81.3,50.4,0
8,27,3,properties-parse,400000,74.7,57.3,0
8,27,3,xml-parse,400000,22.9,12.8,0
8,27,3,plist-parse,400000,30,18.8,0
8,27,3,hcl-parse,400000,69.1,39.5,0
8,27,3,json-ops,75000,25.4,13,0
8,27,3,toml-ops,75000,9.6,5.7,0
8,27,3,yaml-ops,75000,19.8,15.7,0
8,27,3,ini-ops,75000,31.6,18.9,0
8,27,3,properties-ops,75000,49,27.5,0
8,27,3,xml-ops,75000,9.6,4.3,0
8,27,3,plist-ops,75000,14.8,4.3,0
8,27,3,hcl-ops,75000,21.8,11.6,0
8,27,3,protocol-decode,800000,35.6,25.9,0
8,28,1,json-parse,400000,59.6,41.5,0
8,28,1,toml-parse,400000,44.8,25.3,0
8,28,1,yaml-parse,400000,72.8,54.8,0
8,28,1,ini-parse,400000,71.3,53.7,0
8,28,1,properties-parse,400000,72.3,59.1,0
8,28,1,xml-parse,400000,35.6,17.5,0
8,28,1,plist-parse,400000,40.2,23.5,0
8,28,1,hcl-parse,400000,60.6,43.7,0
8,28,1,json-ops,75000,34,17.2,0
8,28,1,toml-ops,75000,19,8.3,0
8,28,1,yaml-ops,75000,34,20.4,0
8,28,1,ini-ops,75000,41.7,23.8,0
8,28,1,properties-ops,75000,47.8,31.7,0
8,28,1,xml-ops,75000,7.2,5.1,0
8,28,1,plist-ops,75000,14.9,6.4,0
8,28,1,hcl-ops,75000,31.4,15.6,0
8,28,1,protocol-decode,800000,49.3,32.1,0
8,28,2,json-parse,400000,61,42.1,0
8,28,2,toml-parse,400000,44.7,27,0
8,28,2,yaml-parse,400000,72.8,55.5,0
8,28,2,ini-parse,400000,69.7,55.4,0
8,28,2,properties-parse,400000,75.3,56.4,0
8,28,2,xml-parse,400000,31.4,16.4,0
8,28,2,plist-parse,400000,31.4,22.5,0
8,28,2,hcl-parse,400000,58.5,43.5,0
8,28,2,json-ops,75000,21,16,0
8,28,2,toml-ops,75000,13.3,8.3,0
8,28,2,yaml-ops,75000,29.8,19.7,0
8,28,2,ini-ops,75000,26.7,21.4,0
8,28,2,properties-ops,75000,39,30.6,0
8,28,2,xml-ops,75000,8.1,5,0
8,28,2,plist-ops,75000,11.7,6.2,0
8,28,2,hcl-ops,75000,18.9,13.5,0
8,28,2,protocol-decode,800000,38.5,29.1,0
8,28,3,json-parse,400000,49.3,41,0
8,28,3,toml-parse,400000,35,24.8,0
8,28,3,yaml-parse,400000,67.1,55.4,0
8,28,3,ini-parse,400000,63.5,54.4,0
8,28,3,properties-parse,400000,69.6,58.9,0
8,28,3,xml-parse,400000,23,16.1,0
8,28,3,plist-parse,400000,30.3,22,0
8,28,3,hcl-parse,400000,52.3,43.4,0
8,28,3,json-ops,75000,21.5,15.8,0
8,28,3,toml-ops,75000,13.7,8.1,0
8,28,3,yaml-ops,75000,27.2,20.3,0
8,28,3,ini-ops,75000,25.6,20.7,0
8,28,3,properties-ops,75000,40.5,30.7,0
8,28,3,xml-ops,75000,10.6,5,0
8,28,3,plist-ops,75000,7.5,5.8,0
8,28,3,hcl-ops,75000,16.8,14.1,0
8,28,3,protocol-decode,800000,35.9,29.5,0
8,29,1,json-parse,400000,53.7,35.3,0
8,29,1,toml-parse,400000,43.4,26.2,0
8,29,1,yaml-parse,400000,60.3,44.4,0
8,29,1,ini-parse,400000,62.3,42.8,0
8,29,1,properties-parse,400000,62.3,47.4,0
8,29,1,xml-parse,400000,24.4,16.3,0
8,29,1,plist-parse,400000,43.5,23.4,0
8,29,1,hcl-parse,400000,54.2,38,0
8,29,1,json-ops,75000,30.6,16.2,0
8,29,1,toml-ops,75000,21.8,8.2,0
8,29,1,yaml-ops,75000,41.3,22.3,0
8,29,1,ini-ops,75000,36.2,21.3,0
8,29,1,properties-ops,75000,47.1,29.1,0
8,29,1,xml-ops,75000,5.8,4.8,0
8,29,1,plist-ops,75000,16.2,6.8,0
8,29,1,hcl-ops,75000,32.6,15.1,0
8,29,1,protocol-decode,800000,47.1,30,0
8,29,2,json-parse,400000,52.6,35.6,0
8,29,2,toml-parse,400000,45,25.3,0
8,29,2,yaml-parse,400000,61.8,43.1,0
8,29,2,ini-parse,400000,61.8,43.3,0
8,29,2,properties-parse,400000,62.3,47.1,0
8,29,2,xml-parse,400000,32.1,16,0
8,29,2,plist-parse,400000,36.7,23,0
8,29,2,hcl-parse,400000,50.1,40.2,0
8,29,2,json-ops,75000,21.8,15.3,0
8,29,2,toml-ops,75000,22.3,8.1,0
8,29,2,yaml-ops,75000,28.5,20.3,0
8,29,2,ini-ops,75000,32.6,21.9,0
8,29,2,properties-ops,75000,40.2,30.4,0
8,29,2,xml-ops,75000,6.8,5.1,0
8,29,2,plist-ops,75000,8.8,5.7,0
8,29,2,hcl-ops,75000,21.7,13.5,0
8,29,2,protocol-decode,800000,40.2,29.3,0
8,29,3,json-parse,400000,49,37.6,0
8,29,3,toml-parse,400000,35.6,25.6,0
8,29,3,yaml-parse,400000,57.1,46.5,0
8,29,3,ini-parse,400000,56.1,47.4,0
8,29,3,properties-parse,400000,59.6,48.7,0
8,29,3,xml-parse,400000,24.8,15.7,0
8,29,3,plist-parse,400000,32,22.1,0
8,29,3,hcl-parse,400000,48.4,39.5,0
8,29,3,json-ops,75000,25.3,15.7,0
8,29,3,toml-ops,75000,15,8.5,0
8,29,3,yaml-ops,75000,33.5,21,0
8,29,3,ini-ops,75000,33,21,0
8,29,3,properties-ops,75000,40.6,30.9,0
8,29,3,xml-ops,75000,8.7,4.7,0
8,29,3,plist-ops,75000,8.7,5.5,0
8,29,3,hcl-ops,75000,23.2,14.3,0
8,29,3,protocol-decode,800000,40.1,29.6,0
8,30,1,json-parse,400000,41.5,29,0
8,30,1,toml-parse,400000,29.8,16.9,0
8,30,1,yaml-parse,400000,46.6,36.1,0
8,30,1,ini-parse,400000,49.2,36.1,0
8,30,1,properties-parse,400000,49.7,39.5,0
8,30,1,xml-parse,400000,23.6,11,0
8,30,1,plist-parse,400000,20,18.6,0
8,30,1,hcl-parse,400000,42,29.6,0
8,30,1,json-ops,75000,22.6,11.1,0
8,30,1,toml-ops,75000,12.7,5.4,0
8,30,1,yaml-ops,75000,23.1,15.8,0
8,30,1,ini-ops,75000,24.1,16.1,0
8,30,1,properties-ops,75000,29.2,24.6,0
8,30,1,xml-ops,75000,8.8,3.6,0
8,30,1,plist-ops,75000,10.5,4.4,0
8,30,1,hcl-ops,75000,22,10.2,0
8,30,1,protocol-decode,800000,33.8,21.7,0
8,30,2,json-parse,400000,40.4,28,0
8,30,2,toml-parse,400000,29.7,17,0
8,30,2,yaml-parse,400000,45.5,38.9,0
8,30,2,ini-parse,400000,48.6,35.6,0
8,30,2,properties-parse,400000,47.1,42.8,0
8,30,2,xml-parse,400000,20.9,11.5,0
8,30,2,plist-parse,400000,24.1,17.8,0
8,30,2,hcl-parse,400000,38.4,32.1,0
8,30,2,json-ops,75000,18.3,13.4,0
8,30,2,toml-ops,75000,14.2,5.4,0
8,30,2,yaml-ops,75000,24.1,15.8,0
8,30,2,ini-ops,75000,22,17.8,0
8,30,2,properties-ops,75000,32.2,22.6,0
8,30,2,xml-ops,75000,9.8,4,0
8,30,2,plist-ops,75000,8.7,5.2,0
8,30,2,hcl-ops,75000,18.8,11,0
8,30,2,protocol-decode,800000,32.2,22.7,0
8,30,3,json-parse,400000,40.9,28.3,0
8,30,3,toml-parse,400000,28.1,20.4,0
8,30,3,yaml-parse,400000,47,36,0
8,30,3,ini-parse,400000,44.9,39.8,0
8,30,3,properties-parse,400000,49.5,39,0
8,30,3,xml-parse,400000,22.4,11.4,0
8,30,3,plist-parse,400000,27.6,17.4,0
8,30,3,hcl-parse,400000,39.3,32.3,0
8,30,3,json-ops,75000,20.3,13.3,0
8,30,3,toml-ops,75000,13,6.3,0
8,30,3,yaml-ops,75000,21.4,16.5,0
8,30,3,ini-ops,75000,23.4,16.8,0
8,30,3,properties-ops,75000,29.1,23.4,0
8,30,3,xml-ops,75000,10.9,3.6,0
8,30,3,plist-ops,75000,6.9,5.4,0
8,30,3,hcl-ops,75000,20.8,11.9,0
8,30,3,protocol-decode,800000,32.6,22.7,0
